overlap	expected_overlap	overlap_mean	overlap_sdev	overlap_zscore	overlap_zscore_fitted	overlap_zscore_source	nodes	calculation_time	calculation_time_fitted	gex_edges	tcr_edges	gex_indegree_variance	gex_indegree_skewness	gex_indegree_kurtosis	tcr_indegree_variance	tcr_indegree_skewness	tcr_indegree_kurtosis	indegree_correlation_R	indegree_correlation_P	nbr_frac	graph_overlap_type
3185	2916.5348495964786	2904.35	59.5455078070546	4.71320189105433	2.8303891228122215	shuffling	5453	1.7568771839141846	0.22298226579267683	294462	294462	1.3537832858809191	2.8418007302622668	12.638694360006001	0.3617436422319442	1.0750727094057773	1.9564579724916582	-0.01656649008363379	0.2212743654967862	0.01	gex_nbr_vs_tcr_nbr
27011	25967.918561995597	26007.54	250.67454677330127	4.003039051697112	2.7583917138787695	shuffling	5453	16.98518395423889	2.1877676747786605	294462	2621798	1.3537832858809191	2.8418007302622668	12.638694360006001	0.21762753846806782	0.2574160730134382	-0.8301003949053993	0.02313580225019344	0.08758308033034139	0.01	gex_nbr_vs_tcr_cluster
34996	33523.619955979455	33521.38	254.74347018127864	5.788646904082152	4.499293423587406	shuffling	5453	22.326489210128784	2.8565349400265365	3384644	294462	0.2294319823443291	-0.09672899062211754	-1.0664631017359127	0.3617436422319442	1.0750727094057773	1.9564579724916582	-0.013609616811264677	0.3149880871238826	0.01	gex_cluster_vs_tcr_nbr
301911	297079.48000733677	297100.53	1873.3027115498444	2.5679085234548737	2.501583665169769	shuffling	5453	22.26992392539978	22.887007825358257	2971885	2971885	0.8582915551090746	1.3835287224592918	2.0458728380422526	0.27695487835686283	0.9455803975973729	1.6923418353394686	-0.010150172165186834	0.45362750532283413	0.1	gex_nbr_vs_tcr_nbr
270317	262083.62252384447	261916.6	1636.1904901324906	5.134121027264846	4.941807278593935	shuffling	5453	19.614371299743652	20.078877535383203	2971885	2621798	0.8582915551090746	1.3835287224592918	2.0458728380422526	0.21762753846806782	0.2574160730134382	-0.8301003949053993	0.025899494191076212	0.05582289246582981	0.1	gex_nbr_vs_tcr_cluster
345102	338340.2384446075	338382.72	1230.676286275152	5.459827311970928	4.47082029206937	shuffling	5453	24.7675039768219	26.21668465877613	3384644	2971885	0.2294319823443291	-0.09672899062211754	-1.0664631017359127	0.27695487835686283	0.9455803975973729	1.6923418353394686	0.02274444271884825	0.09307749980508848	0.1	gex_cluster_vs_tcr_nbr
